system,rmse,max_error,worst_clearance,mean_clearance,collision_rate
nominal,0.18374340722623422,0.3970410117081505,Inf,Inf,0.0
true_disturbed,1.2823330817467637,1.9744112794752655,Inf,Inf,0.0
L1_DRAC,0.6502871355792499,0.9822719288274884,Inf,Inf,0.0
